{
    "saveFilePaths":[
        ""
    ],
    "files":"File\\d+\\data00",
    "filetype":"bin",
    "items":[
        {
            "name":"Halos",
            "offsetAddress":"0",
            "address":"EF64",
            "widget":{
                "type":"int",
                "minValue":0,
                "maxValue":9999
            }
        },
        {
            "name":"Compound Green",
            "offsetAddress":"0",
            "address":"EF7C",
            "widget":{
                "type":"int",
                "minValue":0,
                "maxValue":99
            }
        },
        {
            "name":"Compound Yellow",
            "offsetAddress":"0",
            "address":"EF78",
            "widget":{
                "type":"int",
                "minValue":0,
                "maxValue":99
            }
        },
        {
            "name":"Compound Red",
            "offsetAddress":"0",
            "address":"EF80",
            "widget":{
                "type":"int",
                "minValue":0,
                "maxValue":99
            }
        },
        {
            "name":"Green Herb",
            "offsetAddress":"0",
            "address":"EF84",
            "widget":{
                "type":"int",
                "minValue":0,
                "maxValue":99
            }
        },
        {
            "name":"Mega Green Herb",
            "offsetAddress":"0",
            "address":"EF88",
            "widget":{
                "type":"int",
                "minValue":0,
                "maxValue":99
            }
        },
        {
            "name":"Purple_Magic",
            "offsetAddress":"0",
            "address":"EF8C",
            "widget":{
                "type":"int",
                "minValue":0,
                "maxValue":99
            }
        },
        {
            "name":"Mega Purple Magic",
            "offsetAddress":"0",
            "address":"EF90",
            "widget":{
                "type":"int",
                "minValue":0,
                "maxValue":99
            }
        },
        {
            "name":"Bloody Rose",
            "offsetAddress":"0",
            "address":"EF94",
            "widget":{
                "type":"int",
                "minValue":0,
                "maxValue":99
            }
        },
        {
            "name":"Mega Bloody Rose",
            "offsetAddress":"0",
            "address":"EF98",
            "widget":{
                "type":"int",
                "minValue":0,
                "maxValue":99
            }
        },
        {
            "name":"Yellow Moon",
            "offsetAddress":"0",
            "address":"EF9C",
            "widget":{
                "type":"int",
                "minValue":0,
                "maxValue":99
            }
        },
        {
            "name":"Mega Yellow Moon",
            "offsetAddress":"0",
            "address":"EFA0",
            "widget":{
                "type":"int",
                "minValue":0,
                "maxValue":99
            }
        },
        {
            "name":"Broken Heart",
            "offsetAddress":"0",
            "address":"EFA4",
            "widget":{
                "type":"int",
                "minValue":0,
                "maxValue":99
            }
        },
        {
            "name":"Broken Pearl",
            "offsetAddress":"0",
            "address":"EFA8",
            "widget":{
                "type":"int",
                "minValue":0,
                "maxValue":99
            }
        },
        {
            "name":"Arcade Bullet",
            "offsetAddress":"0",
            "address":"EFAC",
            "widget":{
                "type":"int",
                "minValue":0,
                "maxValue":99
            }
        },
        {
            "name":"Red Hot Shot",
            "offsetAddress":"0",
            "address":"EFB0",
            "widget":{
                "type":"int",
                "minValue":0,
                "maxValue":99
            }
        },
        {
            "name":"Magic Flute",
            "offsetAddress":"0",
            "address":"EFB4",
            "widget":{
                "type":"int",
                "minValue":0,
                "maxValue":99
            }
        }
    ]
}